{"cameraMode":{"drawMode":0,"name":"Shaded","section":"Shading Mode"},"sceneLighting":false,"audioPlay":false,"sceneViewState":{"showFog":true,"showMaterialUpdate":false,"showSkybox":false,"showFlares":true,"showImageEffects":true,"showParticleSystems":true},"in2DMode":false,"pivot":{"x":-2.562265157699585,"y":4.044653415679932,"z":-70.08866882324219},"rotation":{"x":-0.2696300148963928,"y":0.10862159729003906,"z":-0.03062518499791622,"w":-0.9563280940055847},"size":0.9622654318809509,"orthographic":false}