{"cameraMode":{"drawMode":0,"name":"Shaded","section":"Shading Mode"},"sceneLighting":false,"audioPlay":false,"sceneViewState":{"showFog":true,"showMaterialUpdate":false,"showSkybox":true,"showFlares":true,"showImageEffects":true,"showParticleSystems":true},"in2DMode":false,"pivot":{"x":-2.632026433944702,"y":7.336197853088379,"z":-49.36773681640625},"rotation":{"x":0.6688090562820435,"y":-0.018950538709759713,"z":0.01705833338201046,"w":0.742996871471405},"size":5.6321330070495609,"orthographic":false}